Text, Number, Odometer, numpre1, numpre2, numpre8
a,1,00,0.1,1.21,123.12345671
b,2,01,0.2,1.22,123.12345672
c,3,02,0.3,1.23,123.12345673
